[{
  "_id": {
    "$oid": "690117cce32e36b6e4868a74"
  },
  "id": null,
  "customerName": "พิสุทธิ์ สามารถกิจ",
  "email": "Phisut@email.com",
  "phone": "08129323323",
  "address": "11/0120202",
  "items": [
    {
      "name": "OPhone 17",
      "color": "ม่วง",
      "storage": "256GB",
      "price": 29900
    }
  ],
  "totalPrice": 29900
},
{
  "_id": {
    "$oid": "6901184fe32e36b6e4868a75"
  },
  "id": null,
  "customerName": "ตุลธร  ปาระชาติ",
  "email": "Tunratorn@gmail.com",
  "phone": "09090090909",
  "address": "1891898201802",
  "items": [
    {
      "name": "OPhone 17 pro",
      "color": "ม่วง",
      "storage": "256GB",
      "price": 48900
    }
  ],
  "totalPrice": 48900
},
{
  "_id": {
    "$oid": "69011afe05595d8d45fbe2f6"
  },
  "id": null,
  "customerName": "กาย ปื้ม",
  "email": "guythailand1@gmail.com",
  "phone": "22222222222",
  "address": "dsadsadasdadada",
  "items": [
    {
      "name": "OPhone 16 pro",
      "color": "ม่วง",
      "storage": "256GB",
      "price": 33900
    }
  ],
  "totalPrice": 33900
},
{
  "_id": {
    "$oid": "69011b5a59445f587fcaf213"
  },
  "id": null,
  "customerName": "นนท์ กรุงศรี",
  "email": "NON@gmail.com",
  "phone": "0814563859",
  "address": "22222222222",
  "items": [
    {
      "name": "OPhone 16 plus",
      "color": "ม่วง",
      "storage": "256GB",
      "price": 26900
    },
    {
      "name": "OPhone 16",
      "color": "ม่วง",
      "storage": "256GB",
      "price": 22900
    }
  ],
  "totalPrice": 49800
},
{
  "_id": {
    "$oid": "690129cf8d9ea12842058272"
  },
  "id": null,
  "customerName": "dsakda dkjslajda",
  "email": "TOPOOP@gmail.com",
  "phone": "090129019201",
  "address": "212901920912kdsjakkdj",
  "items": [
    {
      "name": "OPhone 16 pro",
      "color": "น้ำเงิน",
      "storage": "256GB",
      "price": 33900
    }
  ],
  "totalPrice": 33900
},
{
  "_id": {
    "$oid": "6901e41b992cbce289777c27"
  },
  "id": null,
  "customerName": "dsadad guy",
  "email": "Toru@gmail.com",
  "phone": "082928292",
  "address": "111/sdsds",
  "items": [
    {
      "name": "OPhone 15",
      "color": "Black",
      "storage": "256GB",
      "price": 19900,
      "quantity": 1
    }
  ],
  "totalPrice": 19900
},
{
  "_id": {
    "$oid": "6901f5c9992cbce289777c28"
  },
  "id": null,
  "customerName": "ตุลธร  ปาระชาติ",
  "email": "Tunratorn@gmail.com",
  "phone": "0814572983",
  "address": "000/000 หมู่บ้านโกลเด้นอเวนิว",
  "items": [
    {
      "name": "OPhone 17",
      "color": "RoseGold",
      "storage": "256GB",
      "price": 29900,
      "quantity": 1
    },
    {
      "name": "OPhone 17 Pro",
      "color": "Black",
      "storage": "512GB",
      "price": 52900,
      "quantity": 1
    }
  ],
  "totalPrice": 82800
},
{
  "_id": {
    "$oid": "690235f486a6313f61755384"
  },
  "id": null,
  "customerName": "หกวิถี เทพเซียนยุทธ์",
  "email": "ROROR@gmail.com",
  "phone": "0918181080",
  "address": "29/29",
  "items": [
    {
      "name": "OPhone 17 Pro",
      "color": "Black",
      "storage": "256GB",
      "price": 48900,
      "quantity": 1
    }
  ],
  "totalPrice": 48900
},
{
  "_id": {
    "$oid": "6902376aea20a42ffa61116e"
  },
  "id": null,
  "customerName": "You DARE",
  "email": "TURM@gmail.com",
  "phone": "08282222",
  "address": "dslkd",
  "items": [
    {
      "name": "OPhone 16 Pro",
      "color": "Black",
      "storage": "256GB",
      "price": 33900,
      "quantity": 1
    }
  ],
  "totalPrice": 33900
},
{
  "_id": {
    "$oid": "6902379bea20a42ffa61116f"
  },
  "id": null,
  "customerName": "klllklkl jkhkhkh",
  "email": "jasijd@gmail.com",
  "phone": "029103901",
  "address": "dsjakdja",
  "items": [
    {
      "name": "OPhone 17",
      "color": "RoseGold",
      "storage": "256GB",
      "price": 29900,
      "quantity": 1
    }
  ],
  "totalPrice": 29900
},
{
  "_id": {
    "$oid": "69023a28a6e18558436d9458"
  },
  "id": null,
  "customerName": "กหฟากสวฟก กาห่ฟส่ก่หฟ",
  "email": "tototo@gmail.com",
  "phone": "09090909099-",
  "address": "////ๅ_/ตๅจค_จๅ",
  "items": [
    {
      "name": "OPhone 17",
      "color": "RoseGold",
      "storage": "256GB",
      "price": 29900,
      "quantity": 1
    }
  ],
  "totalPrice": 29900
},
{
  "_id": {
    "$oid": "69023be42f1b02f6d4dd811a"
  },
  "id": null,
  "customerName": "oxford ufo",
  "email": "Tititiit@gmail.com",
  "phone": "888888888888",
  "address": "88/88",
  "items": [
    {
      "name": "OPhone 16 Pro",
      "color": "Black",
      "storage": "256GB",
      "price": 33900,
      "quantity": 1
    }
  ],
  "totalPrice": 33900
},
{
  "_id": {
    "$oid": "69023f83ca292506989868cb"
  },
  "id": null,
  "customerName": "ตุลธร ปาระชาติสส",
  "email": "YOUse@gmail.com",
  "phone": "082927287",
  "address": "89/890",
  "items": [
    {
      "name": "OPhone 17 Pro",
      "color": "RoseGold",
      "storage": "256GB",
      "price": 48900,
      "quantity": 1
    }
  ],
  "totalPrice": 48900
},
{
  "_id": {
    "$oid": "69023fd7ca292506989868cc"
  },
  "id": null,
  "customerName": "พิทสุทธิ์ สามารส",
  "email": "THIHTHIT@gmail.com",
  "phone": "0923920902",
  "address": "dsakk2/2klkfls",
  "items": [
    {
      "name": "OPhone 17",
      "color": "RoseGold",
      "storage": "512GB",
      "price": 37900,
      "quantity": 1
    }
  ],
  "totalPrice": 37900
},
{
  "_id": {
    "$oid": "6902400fca292506989868cd"
  },
  "id": null,
  "customerName": "dsad dsad",
  "email": "UOS@gmail.com",
  "phone": "12313131",
  "address": "2229/2229",
  "items": [
    {
      "name": "OPhone 17",
      "color": "Black",
      "storage": "256GB",
      "price": 29900,
      "quantity": 1
    }
  ],
  "totalPrice": 29900
},
{
  "_id": {
    "$oid": "69024047ca292506989868ce"
  },
  "id": null,
  "customerName": "YOU TO",
  "email": "YOU@gmail.com",
  "phone": "07827282",
  "address": "66/222",
  "items": [
    {
      "name": "OPhone 17 Pro",
      "color": "Black",
      "storage": "256GB",
      "price": 48900,
      "quantity": 1
    }
  ],
  "totalPrice": 48900
},
{
  "_id": {
    "$oid": "6902408dca292506989868cf"
  },
  "id": null,
  "customerName": "Daniel Park",
  "email": "Gun@gmail.com",
  "phone": "34567890",
  "address": "11/22/33/44",
  "items": [
    {
      "name": "OPhone 17 Pro",
      "color": "Black",
      "storage": "512GB",
      "price": 52900,
      "quantity": 1
    }
  ],
  "totalPrice": 52900
},
{
  "_id": {
    "$oid": "69024133ca292506989868d0"
  },
  "id": null,
  "customerName": "MArk kkkkkk",
  "email": "TOYOYO@gmail.com",
  "phone": "07828928",
  "address": "77/22 ",
  "items": [
    {
      "name": "OPhone 16 Plus",
      "color": "Black",
      "storage": "256GB",
      "price": 26900,
      "quantity": 1
    }
  ],
  "totalPrice": 26900
},
{
  "_id": {
    "$oid": "690241a84f436dca0b96ba36"
  },
  "id": null,
  "customerName": "kdosakod dsakda",
  "email": "DSKAD@gmail.com",
  "phone": "091231313",
  "address": "12/12",
  "items": [
    {
      "name": "OPhone 16",
      "color": "RoseGold",
      "storage": "256GB",
      "price": 22900,
      "quantity": 1
    }
  ],
  "totalPrice": 22900
},
{
  "_id": {
    "$oid": "690242068b9bf559503fca25"
  },
  "id": null,
  "customerName": "SAKAK Pahra",
  "email": "SAKAKA@gmail.com",
  "phone": "098098098",
  "address": "89/98",
  "items": [
    {
      "name": "OPhone 16",
      "color": "Black",
      "storage": "256GB",
      "price": 22900,
      "quantity": 1
    }
  ],
  "totalPrice": 22900
},
{
  "_id": {
    "$oid": "6902438a56b72920c57b6f46"
  },
  "id": null,
  "customerName": "ioiiiiioio opooopoo",
  "email": "ioioioioio@gmail.com",
  "phone": "09090292",
  "address": "12/12",
  "items": [
    {
      "name": "OPhone 16",
      "color": "RoseGold",
      "storage": "256GB",
      "price": 22900,
      "quantity": 1
    }
  ],
  "totalPrice": 22900
},
{
  "_id": {
    "$oid": "690245019cefd72494f92867"
  },
  "id": null,
  "customerName": "222222 222222",
  "email": "TUn@gmail.com",
  "phone": "298928",
  "address": "1231",
  "items": [
    {
      "name": "OPhone 17 Pro",
      "color": "Gold",
      "storage": "256GB",
      "price": 48900,
      "quantity": 1
    }
  ],
  "totalPrice": 48900
},
{
  "_id": {
    "$oid": "690245059cefd72494f92868"
  },
  "id": null,
  "customerName": "222222 222222",
  "email": "TUn@gmail.com",
  "phone": "298928",
  "address": "1231salkd",
  "items": [
    {
      "name": "OPhone 17 Pro",
      "color": "Gold",
      "storage": "256GB",
      "price": 48900,
      "quantity": 1
    }
  ],
  "totalPrice": 48900
},
{
  "_id": {
    "$oid": "6902453821b78db7a86d15a4"
  },
  "id": null,
  "customerName": "dssdad dsadad",
  "email": "asdasd@gmail.com",
  "phone": "090990291",
  "address": "dsadsa",
  "items": [
    {
      "name": "OPhone 17 Pro",
      "color": "Gold",
      "storage": "256GB",
      "price": 48900,
      "quantity": 1
    }
  ],
  "totalPrice": 48900
},
{
  "_id": {
    "$oid": "6902456a75e612d4cfcbc7f8"
  },
  "id": null,
  "customerName": "dsadad dsadada",
  "email": "dadadad@gmail.com",
  "phone": "098982931",
  "address": "123231/2131313",
  "items": [
    {
      "name": "OPhone 16 Pro",
      "color": "Black",
      "storage": "256GB",
      "price": 33900,
      "quantity": 1
    },
    {
      "name": "OPhone 17 Pro",
      "color": "Black",
      "storage": "256GB",
      "price": 48900,
      "quantity": 1
    }
  ],
  "totalPrice": 82800
},
{
  "_id": {
    "$oid": "6902461175e612d4cfcbc7f9"
  },
  "id": null,
  "customerName": "Name Surname",
  "email": "NONO@gmail.com",
  "phone": "098989898",
  "address": "22/22",
  "items": [
    {
      "name": "OPhone 17 Pro",
      "color": "Black",
      "storage": "512GB",
      "price": 52900,
      "quantity": 1
    }
  ],
  "totalPrice": 52900
},
{
  "_id": {
    "$oid": "6902464275e612d4cfcbc7fa"
  },
  "id": null,
  "customerName": "dsadsad dsadad",
  "email": "kokok@gmail.com",
  "phone": "09192390",
  "address": "213/123",
  "items": [
    {
      "name": "OPhone 16 Plus",
      "color": "Silver",
      "storage": "256GB",
      "price": 26900,
      "quantity": 1
    }
  ],
  "totalPrice": 26900
},
{
  "_id": {
    "$oid": "690246ae75e612d4cfcbc7fb"
  },
  "id": null,
  "customerName": "adsadlasl dsaopdo",
  "email": "uuu@gmail.com",
  "phone": "08782173",
  "address": "123231/12313",
  "items": [
    {
      "name": "OPhone 17",
      "color": "Gold",
      "storage": "256GB",
      "price": 29900,
      "quantity": 1
    }
  ],
  "totalPrice": 29900
},
{
  "_id": {
    "$oid": "690247ee75e612d4cfcbc7fc"
  },
  "id": null,
  "customerName": "ชื่อ นามสกุล",
  "email": "WIND@gmail.com",
  "phone": "0982123342",
  "address": "99/22",
  "items": [
    {
      "name": "OPhone 16 Pro",
      "color": "RoseGold",
      "storage": "256GB",
      "price": 33900,
      "quantity": 1
    }
  ],
  "totalPrice": 33900
},
{
  "_id": {
    "$oid": "6902482775e612d4cfcbc7fd"
  },
  "id": null,
  "customerName": "dakdka uuuuu",
  "email": "ui@gmail.com",
  "phone": "0917712323",
  "address": "288/299",
  "items": [
    {
      "name": "OPhone 15",
      "color": "Black",
      "storage": "256GB",
      "price": 19900,
      "quantity": 1
    }
  ],
  "totalPrice": 19900
},
{
  "_id": {
    "$oid": "6902485875e612d4cfcbc7fe"
  },
  "id": null,
  "customerName": "sssss ssss",
  "email": "ssss@gmail.com",
  "phone": "0928828",
  "address": "UIIUIU",
  "items": [
    {
      "name": "OPhone 16 Pro",
      "color": "Black",
      "storage": "256GB",
      "price": 33900,
      "quantity": 1
    }
  ],
  "totalPrice": 33900
},
{
  "_id": {
    "$oid": "690248e575e612d4cfcbc7ff"
  },
  "id": null,
  "customerName": "sdsdsd sdsdsds",
  "email": "uiuiui@gmail.com",
  "phone": "0118382083",
  "address": "dsad112",
  "items": [
    {
      "name": "OPhone 16 Pro",
      "color": "Black",
      "storage": "256GB",
      "price": 33900,
      "quantity": 1
    }
  ],
  "totalPrice": 33900
},
{
  "_id": {
    "$oid": "69031b007859b5860e6d9b22"
  },
  "id": null,
  "customerName": "dsada dsadasd",
  "email": "da@gmail.com",
  "phone": "092183231",
  "address": "221/123123",
  "items": [
    {
      "name": "OPhone 16 Pro",
      "color": "RoseGold",
      "storage": "256GB",
      "price": 33900,
      "quantity": 1
    }
  ],
  "totalPrice": 33900
},
{
  "_id": {
    "$oid": "690376277859b5860e6d9b23"
  },
  "id": null,
  "customerName": "ฟลุ๊ค กาย",
  "email": "Fluke@gmail.com",
  "phone": "2222222222",
  "address": "222///22222",
  "items": [
    {
      "name": "OPhone 17 Pro",
      "color": "RoseGold",
      "storage": "256GB",
      "price": 48900,
      "quantity": 1
    }
  ],
  "totalPrice": 48900
},
{
  "_id": {
    "$oid": "69038e607859b5860e6d9b24"
  },
  "id": null,
  "customerName": "iisss sdsadasd",
  "email": "HOHOHO@gmail.com",
  "phone": "TOOOTOTO1",
  "address": "dead",
  "items": [
    {
      "name": "OPhone 17 Pro",
      "color": "Silver",
      "storage": "512GB",
      "price": 52900,
      "quantity": 1
    },
    {
      "name": "OPhone 17 Pro",
      "color": "Silver",
      "storage": "256GB",
      "price": 48900,
      "quantity": 1
    }
  ],
  "totalPrice": 101800
},
{
  "_id": {
    "$oid": "6903931e382f8f67720bd7b6"
  },
  "id": null,
  "customerName": "กหฟกฟ กหฟกฟ",
  "email": "saddsada@gmail.com",
  "phone": "019230123",
  "address": "111/1222",
  "items": [
    {
      "name": "OPhone 16 Plus",
      "color": "RoseGold",
      "storage": "512GB",
      "price": 30900,
      "quantity": 1
    },
    {
      "name": "OPhone 16 Plus",
      "color": "Black",
      "storage": "512GB",
      "price": 30900,
      "quantity": 1
    }
  ],
  "totalPrice": 61800
},
{
  "_id": {
    "$oid": "6903933b382f8f67720bd7b7"
  },
  "id": null,
  "customerName": "dsada dsadad",
  "email": "dskad@gmail.com",
  "phone": "9981293",
  "address": "1023913",
  "items": [
    {
      "name": "OPhone 16 Plus",
      "color": "Silver",
      "storage": "512GB",
      "price": 30900,
      "quantity": 1
    }
  ],
  "totalPrice": 30900
},
{
  "_id": {
    "$oid": "6903949ab7da0fda40aced1f"
  },
  "id": null,
  "customerName": "dsada dsada",
  "email": "wwww@gmail.com",
  "phone": "123239100",
  "address": "10292/10292",
  "items": [
    {
      "name": "OPhone 16 Plus",
      "color": "Gold",
      "storage": "512GB",
      "price": 30900,
      "quantity": 1
    }
  ],
  "totalPrice": 30900
},
{
  "_id": {
    "$oid": "690394b9b7da0fda40aced20"
  },
  "id": null,
  "customerName": "ddsad dsada",
  "email": "ad2@gmail.com",
  "phone": "12313",
  "address": "123313",
  "items": [
    {
      "name": "OPhone 16 Plus",
      "color": "RoseGold",
      "storage": "512GB",
      "price": 30900,
      "quantity": 1
    }
  ],
  "totalPrice": 30900
},
{
  "_id": {
    "$oid": "690398bfce71e364d8c52ffe"
  },
  "id": null,
  "customerName": "กหฟกฟก ไไไไไไ",
  "email": "RORIRO@gmail.com",
  "phone": "0918221222",
  "address": "20202/20202",
  "items": [
    {
      "name": "OPhone 16 Plus",
      "color": "Black",
      "storage": "256GB",
      "price": 26900,
      "quantity": 3
    },
    {
      "name": "OPhone 16 Plus",
      "color": "RoseGold",
      "storage": "256GB",
      "price": 26900,
      "quantity": 1
    },
    {
      "name": "OPhone 16 Plus",
      "color": "Silver",
      "storage": "256GB",
      "price": 26900,
      "quantity": 1
    },
    {
      "name": "OPhone 16 Plus",
      "color": "Gold",
      "storage": "256GB",
      "price": 26900,
      "quantity": 1
    }
  ],
  "totalPrice": 161400
},
{
  "_id": {
    "$oid": "6903b403f49f811971f97bc4"
  },
  "id": null,
  "customerName": "dsadsa นนท์",
  "email": "NON@gmail.com",
  "phone": "09181281201",
  "address": "1231/12331",
  "items": [
    {
      "name": "OPhone 17 Pro",
      "color": "RoseGold",
      "storage": "256GB",
      "price": 48900,
      "quantity": 1
    },
    {
      "name": "OPhone 16 Pro",
      "color": "Silver",
      "storage": "512GB",
      "price": 39900,
      "quantity": 1
    }
  ],
  "totalPrice": 88800
},
{
  "_id": {
    "$oid": "6903b46f309f6c5ac9f0eb43"
  },
  "id": null,
  "customerName": "123 456",
  "email": "TO@gmail.com",
  "phone": "9090909",
  "address": "222//222",
  "items": [
    {
      "name": "OPhone 15",
      "color": "Gold",
      "storage": "512GB",
      "price": 24900,
      "quantity": 1
    }
  ],
  "totalPrice": 24900
},
{
  "_id": {
    "$oid": "6903b51fb175fbdc62e9c35c"
  },
  "id": null,
  "customerName": "gggg sssss",
  "email": "gggg@gmail.com",
  "phone": "09090920",
  "address": "2222222",
  "items": [
    {
      "name": "OPhone 16 Pro",
      "color": "Black",
      "storage": "512GB",
      "price": 39900,
      "quantity": 1
    }
  ],
  "totalPrice": 39900
},
{
  "_id": {
    "$oid": "690490e8f28309a4c552c75f"
  },
  "id": null,
  "customerName": "NON NON",
  "email": "NON@gmail.com",
  "phone": "0902930293",
  "address": "91823123",
  "items": [
    {
      "name": "OPhone 17",
      "color": "RoseGold",
      "storage": "256GB",
      "price": 29900,
      "quantity": 1
    }
  ],
  "totalPrice": 29900
},
{
  "_id": {
    "$oid": "69049319f28309a4c552c761"
  },
  "id": null,
  "customerName": "ชนาภา ผ",
  "email": "chanapa@gmail.com",
  "phone": "99899",
  "address": "keh",
  "items": [
    {
      "name": "OPhone 17",
      "color": "Gold",
      "storage": "256GB",
      "price": 29900,
      "quantity": 1
    }
  ],
  "totalPrice": 29900
},
{
  "_id": {
    "$oid": "690495caf28309a4c552c763"
  },
  "id": null,
  "customerName": "Non Pharachat",
  "email": "Non@gmail.com",
  "phone": "09123231",
  "address": "123131/123213",
  "items": [
    {
      "name": "OPhone 16 Pro",
      "color": "Black",
      "storage": "256GB",
      "price": 33900,
      "quantity": 1
    },
    {
      "name": "OPhone 16 Pro",
      "color": "Black",
      "storage": "512GB",
      "price": 39900,
      "quantity": 1
    }
  ],
  "totalPrice": 73800
}]