[{
  "_id": "673fcbe8...",
  "name": "OPhone 17 Pro",
  "price": 48900,
  "colorOptions": [
    "Gold",
    "Black",
    "Silver",
    "RoseGold"
  ],
  "storageOptions": [
    "256GB"
  ],
  "quantity": 96,
  "status": "In Stock"
},
{
  "_id": {
    "$oid": "69022ba80da2f073c48157bc"
  },
  "name": "OPhone 17 Pro",
  "price": 52900,
  "colorOptions": [
    "Gold",
    "Black",
    "Silver",
    "RoseGold"
  ],
  "storageOptions": [
    "512GB"
  ],
  "quantity": 48
},
{
  "_id": {
    "$oid": "69022bfb0da2f073c48157be"
  },
  "name": "OPhone 17",
  "price": 29900,
  "colorOptions": [
    "Gold",
    "Black",
    "Silver",
    "RoseGold"
  ],
  "storageOptions": [
    "256GB"
  ],
  "quantity": 148,
  "status": "In Stock"
},
{
  "_id": {
    "$oid": "69022c370da2f073c48157bf"
  },
  "name": "OPhone 17",
  "price": 37900,
  "colorOptions": [
    "Gold",
    "Black",
    "Silver",
    "RoseGold"
  ],
  "storageOptions": [
    "512GB"
  ],
  "quantity": 80
},
{
  "_id": {
    "$oid": "69022c5d0da2f073c48157c0"
  },
  "name": "OPhone 16 Pro",
  "price": 33900,
  "colorOptions": [
    "Gold",
    "Black",
    "Silver",
    "RoseGold"
  ],
  "storageOptions": [
    "256GB"
  ],
  "quantity": 9,
  "status": "In Stock"
},
{
  "_id": {
    "$oid": "69022c730da2f073c48157c1"
  },
  "name": "OPhone 16 Pro",
  "price": 39900,
  "colorOptions": [
    "Gold",
    "Black",
    "Silver",
    "RoseGold"
  ],
  "storageOptions": [
    "512GB"
  ],
  "quantity": 5,
  "status": "In Stock"
},
{
  "_id": {
    "$oid": "69022c940da2f073c48157c2"
  },
  "name": "OPhone 16 Plus",
  "price": 26900,
  "colorOptions": [
    "Gold",
    "Black",
    "Silver",
    "RoseGold"
  ],
  "storageOptions": [
    "256GB"
  ],
  "quantity": 1,
  "status": "Out of Stock"
},
{
  "_id": {
    "$oid": "69022cad0da2f073c48157c3"
  },
  "name": "OPhone 16 Plus",
  "price": 30900,
  "colorOptions": [
    "Gold",
    "Black",
    "Silver",
    "RoseGold"
  ],
  "storageOptions": [
    "512GB"
  ],
  "quantity": 0,
  "status": "Out of Stock"
},
{
  "_id": {
    "$oid": "69022ce90da2f073c48157c4"
  },
  "name": "OPhone 16",
  "price": 22900,
  "colorOptions": [
    "Gold",
    "Black",
    "Silver",
    "RoseGold"
  ],
  "storageOptions": [
    "256GB"
  ],
  "quantity": 37
},
{
  "_id": {
    "$oid": "69022d000da2f073c48157c5"
  },
  "name": "OPhone 16",
  "price": 25900,
  "colorOptions": [
    "Gold",
    "Black",
    "Silver",
    "RoseGold"
  ],
  "storageOptions": [
    "512GB"
  ],
  "quantity": 25
},
{
  "_id": {
    "$oid": "69022d150da2f073c48157c6"
  },
  "name": "OPhone 15",
  "price": 19900,
  "colorOptions": [
    "Gold",
    "Black",
    "Silver",
    "RoseGold"
  ],
  "storageOptions": [
    "256GB"
  ],
  "quantity": 12
},
{
  "_id": {
    "$oid": "69022d2a0da2f073c48157c7"
  },
  "name": "OPhone 15",
  "price": 24900,
  "colorOptions": [
    "Gold",
    "Black",
    "Silver",
    "RoseGold"
  ],
  "storageOptions": [
    "512GB"
  ],
  "quantity": 8,
  "status": "In Stock"
},
{
  "_id": {
    "$oid": "690496340da2f073c48157e5"
  },
  "name": "OPhone 14",
  "price": 80900,
  "colorOptions": [
    "Gold",
    "Black",
    "Silver",
    "RoseGold"
  ],
  "storageOptions": [
    "512GB"
  ],
  "quantity": 8,
  "status": "In Stock"
}]