[{
  "_id": {
    "$oid": "69045c2c3b0e683b798ce6a8"
  },
  "email": "dsada@gmail.com",
  "password": "0bde0b648e414e6dcc7cb229c36b02178d4f9a0ae0ed199d56223dd83fcdf876",
  "createdAt": null
},
{
  "_id": {
    "$oid": "69045c673b0e683b798ce6a9"
  },
  "email": "NON@gmail.com",
  "password": "03ac674216f3e15c761ee1a5e255f067953623c8b388b4459e13f978d7c846f4",
  "createdAt": null
},
{
  "_id": {
    "$oid": "6904865735f6959014c2a126"
  },
  "email": "Guy@gmail.com",
  "password": "1234",
  "createdAt": null
},
{
  "_id": {
    "$oid": "69049294f28309a4c552c760"
  },
  "email": "chanapa@gmail.com",
  "password": "1234",
  "createdAt": null
},
{
  "_id": {
    "$oid": "69049538f28309a4c552c762"
  },
  "email": "YOU@gmail.com",
  "password": "1234",
  "createdAt": null
}]